video_name,mos,video_score
orig_10007436115_540_5s.mp4,3.53,3.61
orig_10007901796_540_5s.mp4,3.81,3.81
orig_10041796874_540_5s.mp4,3.25,3.25
orig_10044664624_540_5s.mp4,3.45,3.46
orig_10045053595_540_5s.mp4,3.69,3.66
orig_10062498203_540_5s.mp4,3.49,3.54
orig_10084107653_540_5s.mp4,3.17,3.09
orig_10158770453_540_5s.mp4,3.62,3.7
orig_10181314856_540_5s.mp4,3.45,3.41
orig_10242523803_540_5s.mp4,3.62,3.68
orig_10320058616_540_5s.mp4,3.25,3.29
orig_10332507295_540_5s.mp4,3.28,3.33
orig_10349027905_540_5s.mp4,3.19,3.29
orig_10410965174_540_5s.mp4,3.56,3.55
orig_10414992923_540_5s.mp4,3.61,3.59
orig_10420562595_540_5s.mp4,3.54,3.64
orig_10564593194_540_5s.mp4,3.63,3.6
orig_10582782586_540_5s.mp4,3.52,3.48
orig_10583592443_540_5s.mp4,3.41,3.4
orig_10637184206_540_5s.mp4,3.26,3.22
orig_10674350206_540_5s.mp4,3.44,3.38
orig_10867101476_540_5s.mp4,3.67,3.72
orig_10910213084_540_5s.mp4,3.64,3.59
orig_10959956576_540_5s.mp4,3.04,3.04
orig_10979853044_540_5s.mp4,3.49,3.46
orig_11009028296_540_5s.mp4,3.44,3.47
orig_11020878843_540_5s.mp4,3.09,3.01
orig_11053897243_540_5s.mp4,3.23,3.22
orig_11070232293_540_5s.mp4,3.41,3.42
orig_11145664684_540_5s.mp4,2.94,2.88
orig_11163815184_540_5s.mp4,3.79,3.8
orig_11193003955_540_5s.mp4,2.85,2.77
orig_11241102906_540_5s.mp4,3.92,3.95
orig_11243731843_540_5s.mp4,3.53,3.38
orig_11257420374_540_5s.mp4,3.51,3.51
orig_11272718786_540_5s.mp4,2.44,2.45
orig_11277693604_540_5s.mp4,3.64,3.62
orig_11378375474_540_5s.mp4,3.26,3.23
orig_11404825244_540_5s.mp4,3.89,3.95
orig_11663413173_540_5s.mp4,3.66,3.69
orig_11670848953_540_5s.mp4,3.31,3.32
orig_11671137563_540_5s.mp4,3.75,3.71
orig_11671199403_540_5s.mp4,3.2,3.24
orig_11684333413_540_5s.mp4,2.04,1.99
orig_11705285984_540_5s.mp4,3.32,3.24
orig_11714293566_540_5s.mp4,3.65,3.61
orig_11780799405_540_5s.mp4,3.5,3.45
orig_11798466663_540_5s.mp4,3.36,3.33
orig_11848691003_540_5s.mp4,3.43,3.48
orig_11938552173_540_5s.mp4,3.48,3.45
orig_11944953826_540_5s.mp4,2.94,2.94
orig_11944984796_540_5s.mp4,2.82,2.91
orig_11969234596_540_5s.mp4,3.13,3.03
orig_11990119194_540_5s.mp4,3.58,3.5
orig_12045805475_540_5s.mp4,3.55,3.52
orig_12066270915_540_5s.mp4,3.22,3.24
orig_12075901573_540_5s.mp4,3.72,3.7
orig_12123299365_540_5s.mp4,3.67,3.6
orig_12224752294_540_5s.mp4,3.41,3.44
orig_12266513515_540_5s.mp4,3.63,3.63
orig_12281760755_540_5s.mp4,2.99,3.0
orig_12323349744_540_5s.mp4,3.68,3.76
orig_12360232885_540_5s.mp4,3.21,3.19
orig_12401210943_540_5s.mp4,3.59,3.64
orig_12439507093_540_5s.mp4,2.94,2.91
orig_12465560233_540_5s.mp4,3.91,3.95
orig_12514372873_540_5s.mp4,3.63,3.75
orig_12572303404_540_5s.mp4,2.88,2.85
orig_12702624663_540_5s.mp4,3.46,3.49
orig_12738666293_540_5s.mp4,3.8,3.8
orig_12740679555_540_5s.mp4,3.32,3.34
orig_12789401855_540_5s.mp4,3.72,3.77
orig_12793286985_540_5s.mp4,3.65,3.58
orig_12805874795_540_5s.mp4,2.86,2.9
orig_12826955024_540_5s.mp4,3.25,3.28
orig_12880922305_540_5s.mp4,3.17,3.29
orig_12934222413_540_5s.mp4,2.84,2.98
orig_13012218053_540_5s.mp4,2.92,2.89
orig_13043617065_540_5s.mp4,2.78,2.82
orig_13089729965_540_5s.mp4,3.12,3.11
orig_13130164794_540_5s.mp4,3.4,3.37
orig_13157046025_540_5s.mp4,3.5,3.45
orig_13232865214_540_5s.mp4,2.08,2.07
orig_13245140005_540_5s.mp4,3.43,3.32
orig_13250449174_540_5s.mp4,3.23,3.24
orig_13324020445_540_5s.mp4,2.82,2.83
orig_13448621513_540_5s.mp4,3.29,3.34
orig_13453983183_540_5s.mp4,2.59,2.58
orig_13472657734_540_5s.mp4,2.89,2.82
orig_13473305454_540_5s.mp4,2.64,2.55
orig_13559562223_540_5s.mp4,2.8,2.8
orig_13667064543_540_5s.mp4,3.61,3.68
orig_13820852324_540_5s.mp4,3.47,3.45
orig_13851070325_540_5s.mp4,3.35,3.32
orig_13862024384_540_5s.mp4,3.28,3.34
orig_13877524105_540_5s.mp4,3.12,3.22
orig_13911615085_540_5s.mp4,3.77,3.74
orig_13920134058_540_5s.mp4,3.7,3.78
orig_13944291724_540_5s.mp4,2.82,2.9
orig_13944699577_540_5s.mp4,3.4,3.36
orig_13960459991_540_5s.mp4,3.15,3.14
orig_13971048869_540_5s.mp4,3.56,3.42
orig_13985095813_540_5s.mp4,3.36,3.36
orig_13987288853_540_5s.mp4,2.97,3.02
orig_13995658536_540_5s.mp4,3.64,3.54
orig_13998206337_540_5s.mp4,3.41,3.35
orig_14016472242_540_5s.mp4,3.42,3.48
orig_14022692366_540_5s.mp4,2.59,2.54
orig_14024504828_540_5s.mp4,3.17,3.17
orig_14029060938_540_5s.mp4,3.3,3.33
orig_14060772984_540_5s.mp4,3.24,3.23
orig_14067937166_540_5s.mp4,3.53,3.55
orig_14105541036_540_5s.mp4,3.16,3.16
orig_14112584999_540_5s.mp4,3.04,2.94
orig_14114996699_540_5s.mp4,3.68,3.73
orig_14134966699_540_5s.mp4,3.27,3.23
orig_14140956309_540_5s.mp4,3.38,3.5
orig_14162359789_540_5s.mp4,3.39,3.37
orig_14183044029_540_5s.mp4,3.58,3.52
orig_14187211693_540_5s.mp4,3.84,3.86
orig_14188912318_540_5s.mp4,2.01,1.92
orig_14191794115_540_5s.mp4,3.34,3.32
orig_14196312773_540_5s.mp4,2.52,2.6
orig_14198999122_540_5s.mp4,3.49,3.47
orig_14204850053_540_5s.mp4,3.74,3.87
orig_14219503082_540_5s.mp4,3.69,3.63
orig_14220734415_540_5s.mp4,3.65,3.63
orig_14228078555_540_5s.mp4,3.37,3.39
orig_14236798104_540_5s.mp4,3.78,3.77
orig_14258401735_540_5s.mp4,3.82,3.82
orig_14265866116_540_5s.mp4,3.52,3.52
orig_14275315630_540_5s.mp4,3.56,3.59
orig_14286491688_540_5s.mp4,3.61,3.55
orig_14287336947_540_5s.mp4,2.72,2.75
orig_14333387008_540_5s.mp4,2.36,2.37
orig_14364120778_540_5s.mp4,3.35,3.32
orig_14384761498_540_5s.mp4,2.93,2.92
orig_14393019407_540_5s.mp4,3.39,3.4
orig_14421852833_540_5s.mp4,3.28,3.21
orig_14485246295_540_5s.mp4,3.7,3.71
orig_14492715729_540_5s.mp4,3.68,3.62
orig_14527644786_540_5s.mp4,3.37,3.38
orig_14541170193_540_5s.mp4,3.43,3.41
orig_14542251528_540_5s.mp4,3.01,2.96
orig_14544982868_540_5s.mp4,3.85,3.87
orig_14551803773_540_5s.mp4,3.48,3.49
orig_14552101711_540_5s.mp4,2.5,2.53
orig_14559145281_540_5s.mp4,3.59,3.64
orig_14564225675_540_5s.mp4,3.4,3.36
orig_14574716291_540_5s.mp4,3.69,3.67
orig_14584409057_540_5s.mp4,3.72,3.67
orig_14584727834_540_5s.mp4,3.38,3.34
orig_14603453090_540_5s.mp4,3.87,3.82
orig_14634793346_540_5s.mp4,3.64,3.63
orig_14642206839_540_5s.mp4,3.49,3.39
orig_14645496472_540_5s.mp4,3.22,3.13
orig_14664322092_540_5s.mp4,3.39,3.33
orig_14678886310_540_5s.mp4,3.64,3.58
orig_14683067746_540_5s.mp4,3.48,3.52
orig_14684782493_540_5s.mp4,3.28,3.3
orig_14696661552_540_5s.mp4,3.88,3.93
orig_14703866851_540_5s.mp4,3.74,3.75
orig_14717096394_540_5s.mp4,3.84,3.79
orig_14729293643_540_5s.mp4,3.63,3.57
orig_14773122323_540_5s.mp4,3.66,3.66
orig_14802281755_540_5s.mp4,2.49,2.46
orig_14807525003_540_5s.mp4,3.25,3.24
orig_14852339522_540_5s.mp4,3.25,3.24
orig_14861558912_540_5s.mp4,3.42,3.43
orig_14869039037_540_5s.mp4,3.87,3.86
orig_14892200918_540_5s.mp4,3.43,3.44
orig_14908833276_540_5s.mp4,3.04,3.13
orig_14941515548_540_5s.mp4,3.44,3.49
orig_14956452868_540_5s.mp4,3.63,3.56
orig_14990295037_540_5s.mp4,3.61,3.65
orig_15039041085_540_5s.mp4,2.86,2.89
orig_15040024565_540_5s.mp4,3.34,3.4
orig_15058056118_540_5s.mp4,2.83,2.92
orig_15058632196_540_5s.mp4,3.49,3.37
orig_15065244888_540_5s.mp4,3.58,3.64
orig_15121650794_540_5s.mp4,3.12,3.24
orig_15135034510_540_5s.mp4,3.28,3.2
orig_15142574762_540_5s.mp4,3.24,3.16
orig_15147574946_540_5s.mp4,3.73,3.64
orig_15163858535_540_5s.mp4,2.68,2.66
orig_15168965444_540_5s.mp4,3.46,3.46
orig_15170662542_540_5s.mp4,3.0,2.9
orig_15176258737_540_5s.mp4,3.44,3.44
orig_15191322457_540_5s.mp4,3.73,3.64
orig_15229166779_540_5s.mp4,3.56,3.58
orig_15231657375_540_5s.mp4,2.85,2.86
orig_15236644924_540_5s.mp4,3.23,3.18
orig_15245171343_540_5s.mp4,2.43,2.44
orig_15252788439_540_5s.mp4,3.15,3.18
orig_15262390078_540_5s.mp4,3.42,3.44
orig_15271595781_540_5s.mp4,3.02,3.12
orig_15351549407_540_5s.mp4,3.14,3.09
orig_15354009676_540_5s.mp4,3.98,3.95
orig_15388061446_540_5s.mp4,3.6,3.57
orig_15392367276_540_5s.mp4,3.37,3.37
orig_15421020305_540_5s.mp4,3.38,3.37
orig_15421169188_540_5s.mp4,3.2,3.2
orig_15424781702_540_5s.mp4,2.99,2.94
orig_15455969354_540_5s.mp4,3.66,3.66
orig_15458411743_540_5s.mp4,3.58,3.56
orig_15461415958_540_5s.mp4,3.06,3.05
orig_15465194993_540_5s.mp4,3.49,3.52
orig_15474016743_540_5s.mp4,3.22,3.19
orig_15498924930_540_5s.mp4,3.06,3.06
orig_15503631200_540_5s.mp4,2.99,3.04
orig_15511389899_540_5s.mp4,3.56,3.51
orig_15520084834_540_5s.mp4,3.25,3.21
orig_15527330521_540_5s.mp4,2.86,2.84
orig_15562915552_540_5s.mp4,2.47,2.52
orig_15590305704_540_5s.mp4,3.44,3.53
orig_15590861649_540_5s.mp4,3.37,3.42
orig_15619707492_540_5s.mp4,3.54,3.55
orig_15624292848_540_5s.mp4,3.07,3.12
orig_15634680324_540_5s.mp4,3.9,3.92
orig_15655785003_540_5s.mp4,3.54,3.48
orig_15662071391_540_5s.mp4,3.67,3.66
orig_15670343431_540_5s.mp4,3.26,3.28
orig_15695496166_540_5s.mp4,3.0,2.97
orig_15695916513_540_5s.mp4,3.28,3.25
orig_15705091373_540_5s.mp4,2.85,2.84
orig_15708135654_540_5s.mp4,3.8,3.77
orig_15709466184_540_5s.mp4,2.57,2.46
orig_15712571765_540_5s.mp4,3.36,3.4
orig_15725075369_540_5s.mp4,3.48,3.63
orig_15733503360_540_5s.mp4,3.41,3.39
orig_15778586683_540_5s.mp4,3.29,3.37
orig_15789474538_540_5s.mp4,3.23,3.25
orig_15813450710_540_5s.mp4,3.3,3.29
orig_15813742939_540_5s.mp4,3.57,3.61
orig_15846107989_540_5s.mp4,2.74,2.75
orig_15849260942_540_5s.mp4,3.8,3.76
orig_15880253339_540_5s.mp4,3.41,3.48
orig_15889145480_540_5s.mp4,2.42,2.38
orig_15890192748_540_5s.mp4,3.35,3.39
orig_15892443057_540_5s.mp4,3.24,3.26
orig_15895107617_540_5s.mp4,3.72,3.61
orig_15899460599_540_5s.mp4,3.52,3.51
orig_15900500410_540_5s.mp4,3.08,3.15
orig_15900964147_540_5s.mp4,3.41,3.36
orig_15907106462_540_5s.mp4,3.5,3.49
orig_15911383781_540_5s.mp4,3.47,3.39
orig_15928866812_540_5s.mp4,3.31,3.25
orig_15958366404_540_5s.mp4,3.09,3.09
orig_15971010296_540_5s.mp4,3.61,3.61
orig_15978500916_540_5s.mp4,2.89,2.86
orig_15993825843_540_5s.mp4,2.88,2.92
orig_16026856402_540_5s.mp4,3.15,3.09
orig_16054164416_540_5s.mp4,3.62,3.65
orig_16068591386_540_5s.mp4,3.07,3.01
orig_16075418411_540_5s.mp4,3.72,3.77
orig_16076780132_540_5s.mp4,2.64,2.67
orig_16077802465_540_5s.mp4,3.7,3.64
orig_16078997675_540_5s.mp4,3.32,3.33
orig_16079070351_540_5s.mp4,3.25,3.32
orig_16079374965_540_5s.mp4,3.75,3.75
orig_16086410195_540_5s.mp4,3.15,3.14
orig_16088005287_540_5s.mp4,3.33,3.31
orig_16091806232_540_5s.mp4,3.46,3.4
orig_16093069161_540_5s.mp4,3.37,3.41
orig_16094664625_540_5s.mp4,3.61,3.64
orig_16094929205_540_5s.mp4,2.83,2.79
orig_16099953779_540_5s.mp4,3.1,3.16
orig_16102959789_540_5s.mp4,3.43,3.4
orig_16123622931_540_5s.mp4,3.66,3.66
orig_16131586350_540_5s.mp4,3.28,3.33
orig_16134341878_540_5s.mp4,3.04,2.97
orig_16136521689_540_5s.mp4,3.58,3.64
orig_16177867407_540_5s.mp4,3.21,3.14
orig_16189694138_540_5s.mp4,3.76,3.74
orig_16192298143_540_5s.mp4,3.56,3.51
orig_16199086445_540_5s.mp4,3.32,3.39
orig_16225429555_540_5s.mp4,3.69,3.62
orig_16255841048_540_5s.mp4,3.75,3.76
orig_16285960931_540_5s.mp4,2.47,2.37
orig_16287280442_540_5s.mp4,2.88,2.79
orig_16297706452_540_5s.mp4,3.54,3.51
orig_16306576316_540_5s.mp4,3.29,3.26
orig_16315775025_540_5s.mp4,3.44,3.37
orig_16315918645_540_5s.mp4,3.43,3.42
orig_16354286378_540_5s.mp4,3.81,3.75
orig_16370782249_540_5s.mp4,3.53,3.62
orig_16390001143_540_5s.mp4,3.14,3.13
orig_16399594692_540_5s.mp4,2.95,2.89
orig_16410818595_540_5s.mp4,3.15,3.09
orig_16411112947_540_5s.mp4,3.24,3.19
orig_16426919157_540_5s.mp4,3.43,3.42
orig_16470107829_540_5s.mp4,3.12,3.05
orig_16491469827_540_5s.mp4,3.04,3.08
orig_16519482428_540_5s.mp4,3.66,3.62
orig_16565976459_540_5s.mp4,3.86,3.84
orig_16614632883_540_5s.mp4,3.53,3.56
orig_16617689987_540_5s.mp4,3.82,3.79
orig_16619824942_540_5s.mp4,2.2,2.08
orig_16625306850_540_5s.mp4,2.7,2.72
orig_16626376503_540_5s.mp4,3.85,3.93
orig_16650586538_540_5s.mp4,3.71,3.74
orig_16663444303_540_5s.mp4,3.45,3.46
orig_16683726024_540_5s.mp4,3.51,3.62
orig_16724011527_540_5s.mp4,3.56,3.51
orig_16745128482_540_5s.mp4,3.92,3.95
orig_16767453735_540_5s.mp4,3.5,3.47
orig_16769483192_540_5s.mp4,3.63,3.58
orig_16773449331_540_5s.mp4,2.89,2.85
orig_16774332738_540_5s.mp4,2.8,2.72
orig_16776868586_540_5s.mp4,3.56,3.61
orig_16786506572_540_5s.mp4,3.6,3.51
orig_16818945979_540_5s.mp4,3.53,3.46
orig_16840972037_540_5s.mp4,3.06,3.15
orig_16861585731_540_5s.mp4,3.05,3.17
orig_16868431509_540_5s.mp4,3.08,3.08
orig_16870717211_540_5s.mp4,3.64,3.69
orig_16884795677_540_5s.mp4,3.55,3.58
orig_16890232050_540_5s.mp4,3.54,3.58
orig_16919320017_540_5s.mp4,3.26,3.2
orig_16986395171_540_5s.mp4,3.42,3.43
orig_17004225331_540_5s.mp4,3.46,3.47
orig_17059586707_540_5s.mp4,3.68,3.68
orig_17073299647_540_5s.mp4,3.34,3.39
orig_17092869242_540_5s.mp4,3.3,3.27
orig_17127556319_540_5s.mp4,3.15,3.14
orig_17195429980_540_5s.mp4,3.36,3.31
orig_17340076552_540_5s.mp4,3.76,3.72
orig_17384278442_540_5s.mp4,3.03,3.09
orig_17399678432_540_5s.mp4,3.38,3.42
orig_17409498228_540_5s.mp4,3.49,3.38
orig_17531393664_540_5s.mp4,3.68,3.6
orig_17549646280_540_5s.mp4,3.75,3.75
orig_17678781379_540_5s.mp4,3.6,3.52
orig_17902252428_540_5s.mp4,3.38,3.27
orig_18052389293_540_5s.mp4,3.65,3.58
orig_18054405480_540_5s.mp4,3.37,3.36
orig_18101079215_540_5s.mp4,2.81,2.8
orig_18109428690_540_5s.mp4,3.5,3.51
orig_18127290236_540_5s.mp4,3.39,3.28
orig_18142766311_540_5s.mp4,2.76,2.71
orig_18196798141_540_5s.mp4,3.68,3.72
orig_18249201404_540_5s.mp4,3.86,3.86
orig_18270595649_540_5s.mp4,3.59,3.56
orig_18298659394_540_5s.mp4,3.84,3.78
orig_18330650623_540_5s.mp4,2.89,2.9
orig_18397296369_540_5s.mp4,3.36,3.41
orig_18402374758_540_5s.mp4,3.28,3.3
orig_18532399208_540_5s.mp4,3.14,3.18
orig_18602112834_540_5s.mp4,3.28,3.32
orig_18606365504_540_5s.mp4,3.52,3.56
orig_18609591053_540_5s.mp4,3.5,3.53
orig_18620038585_540_5s.mp4,3.34,3.29
orig_18638509641_540_5s.mp4,2.92,2.98
orig_18662232635_540_5s.mp4,2.51,2.53
orig_18769877069_540_5s.mp4,3.09,3.01
orig_18867524469_540_5s.mp4,2.95,2.85
orig_18975032330_540_5s.mp4,2.45,2.48
orig_18980076190_540_5s.mp4,3.63,3.55
orig_19085686159_540_5s.mp4,3.67,3.74
orig_19101794023_540_5s.mp4,2.9,2.92
orig_19121675566_540_5s.mp4,3.46,3.6
orig_19142243126_540_5s.mp4,3.65,3.63
orig_19154082014_540_5s.mp4,3.84,3.8
orig_19160297481_540_5s.mp4,2.97,2.97
orig_19226965071_540_5s.mp4,3.85,3.83
orig_19243311054_540_5s.mp4,3.23,3.18
orig_19262671973_540_5s.mp4,3.46,3.43
orig_19351728388_540_5s.mp4,3.44,3.46
orig_19425613174_540_5s.mp4,3.86,3.92
orig_19552929306_540_5s.mp4,3.58,3.55
orig_19661272925_540_5s.mp4,3.52,3.61
orig_19698750840_540_5s.mp4,3.51,3.47
orig_19823939455_540_5s.mp4,3.77,3.75
orig_19934080432_540_5s.mp4,2.88,2.78
orig_19956921645_540_5s.mp4,3.84,3.86
orig_19980335274_540_5s.mp4,3.71,3.75
orig_20040016522_540_5s.mp4,3.78,3.89
orig_20048023760_540_5s.mp4,3.18,3.09
orig_20066643719_540_5s.mp4,3.57,3.61
orig_20098376675_540_5s.mp4,2.76,2.7
orig_20099236342_540_5s.mp4,2.77,2.75
orig_20172937852_540_5s.mp4,3.35,3.35
orig_20248953289_540_5s.mp4,3.62,3.69
orig_20256913190_540_5s.mp4,2.59,2.61
orig_20296362486_540_5s.mp4,3.38,3.29
orig_20361610154_540_5s.mp4,3.51,3.45
orig_20368174841_540_5s.mp4,3.44,3.37
orig_20436544248_540_5s.mp4,3.99,3.99
orig_20467817204_540_5s.mp4,3.46,3.49
orig_20549113003_540_5s.mp4,3.71,3.63
orig_20575634603_540_5s.mp4,2.85,2.86
orig_20687474685_540_5s.mp4,3.31,3.29
orig_20694565353_540_5s.mp4,3.59,3.56
orig_20763729604_540_5s.mp4,3.54,3.52
orig_20869045205_540_5s.mp4,2.75,2.84
orig_20922064831_540_5s.mp4,3.53,3.68
orig_20955946484_540_5s.mp4,3.73,3.86
orig_20992264896_540_5s.mp4,3.1,3.06
orig_20992796255_540_5s.mp4,3.65,3.7
orig_21002031636_540_5s.mp4,3.41,3.43
orig_21018638802_540_5s.mp4,3.46,3.5
orig_21184289361_540_5s.mp4,2.7,2.7
orig_21210869924_540_5s.mp4,3.59,3.59
orig_21284522672_540_5s.mp4,3.55,3.51
orig_21300573622_540_5s.mp4,3.53,3.54
orig_21352327016_540_5s.mp4,3.62,3.58
orig_21378402625_540_5s.mp4,3.91,3.86
orig_21440805522_540_5s.mp4,3.2,3.37
orig_21474802993_540_5s.mp4,3.65,3.65
orig_21514011603_540_5s.mp4,3.21,3.17
orig_21636058816_540_5s.mp4,3.52,3.58
orig_21747026659_540_5s.mp4,3.62,3.64
orig_21748303482_540_5s.mp4,3.24,3.22
orig_21749063426_540_5s.mp4,2.8,2.88
orig_21749783843_540_5s.mp4,3.42,3.43
orig_21796897495_540_5s.mp4,3.71,3.69
orig_21798896254_540_5s.mp4,3.48,3.49
orig_21811995723_540_5s.mp4,3.14,3.13
orig_21825863521_540_5s.mp4,3.84,3.8
orig_21902905130_540_5s.mp4,2.64,2.73
orig_21944513131_540_5s.mp4,3.08,3.01
orig_21970399872_540_5s.mp4,3.31,3.3
orig_22069523088_540_5s.mp4,2.75,2.63
orig_22092646836_540_5s.mp4,3.67,3.79
orig_22138249668_540_5s.mp4,3.2,3.13
orig_22172517500_540_5s.mp4,3.15,3.22
orig_22180770741_540_5s.mp4,3.53,3.5
orig_22201406975_540_5s.mp4,1.86,1.89
orig_22205884703_540_5s.mp4,3.8,3.9
orig_22233625128_540_5s.mp4,3.84,3.83
orig_22492688680_540_5s.mp4,2.85,2.76
orig_22512184052_540_5s.mp4,3.91,3.92
orig_22551401464_540_5s.mp4,3.56,3.6
orig_22613375057_540_5s.mp4,3.63,3.67
orig_22669306348_540_5s.mp4,2.61,2.6
orig_22669961936_540_5s.mp4,3.83,3.8
orig_22700429601_540_5s.mp4,3.32,3.32
orig_22733490400_540_5s.mp4,3.61,3.62
orig_22757478289_540_5s.mp4,3.84,3.86
orig_22820674009_540_5s.mp4,3.54,3.63
orig_22881889405_540_5s.mp4,2.55,2.47
orig_22945098152_540_5s.mp4,2.55,2.61
orig_22946246983_540_5s.mp4,3.23,3.28
orig_22985213026_540_5s.mp4,3.4,3.5
orig_23081790816_540_5s.mp4,3.37,3.38
orig_23095449092_540_5s.mp4,3.43,3.46
orig_23102509585_540_5s.mp4,3.83,3.8
orig_23126801744_540_5s.mp4,3.5,3.51
orig_23281013781_540_5s.mp4,3.78,3.79
orig_23284053699_540_5s.mp4,3.54,3.59
orig_23399920904_540_5s.mp4,3.94,3.9
orig_23460974331_540_5s.mp4,3.67,3.64
orig_23499303586_540_5s.mp4,3.65,3.59
orig_23505800329_540_5s.mp4,3.38,3.42
orig_23518504893_540_5s.mp4,3.87,3.86
orig_23546848832_540_5s.mp4,3.49,3.57
orig_23583975424_540_5s.mp4,3.63,3.64
orig_23631691999_540_5s.mp4,2.98,2.99
orig_23706579290_540_5s.mp4,3.73,3.7
orig_23711085224_540_5s.mp4,3.52,3.42
orig_23726934580_540_5s.mp4,2.75,2.79
orig_23737637259_540_5s.mp4,3.09,3.12
orig_23785256910_540_5s.mp4,3.31,3.35
orig_23815996485_540_5s.mp4,3.63,3.69
orig_23893463993_540_5s.mp4,3.54,3.58
orig_23910550320_540_5s.mp4,3.61,3.65
orig_23975491209_540_5s.mp4,3.62,3.66
orig_23983590415_540_5s.mp4,2.99,2.95
orig_23985956980_540_5s.mp4,3.67,3.72
orig_24003583481_540_5s.mp4,3.36,3.39
orig_24121492823_540_5s.mp4,3.52,3.49
orig_24224536030_540_5s.mp4,3.38,3.4
orig_24283793866_540_5s.mp4,2.61,2.63
orig_24314738615_540_5s.mp4,3.33,3.38
orig_24315957690_540_5s.mp4,3.79,3.82
orig_24405334882_540_5s.mp4,2.97,2.94
orig_24476045695_540_5s.mp4,3.45,3.46
orig_24494238436_540_5s.mp4,3.2,3.24
orig_24494403119_540_5s.mp4,3.99,3.9
orig_24495605902_540_5s.mp4,3.4,3.33
orig_24575497775_540_5s.mp4,3.52,3.55
orig_24598977623_540_5s.mp4,3.63,3.7
orig_24717628996_540_5s.mp4,3.31,3.29
orig_24728906122_540_5s.mp4,2.58,2.56
orig_24753719909_540_5s.mp4,3.45,3.41
orig_24761643490_540_5s.mp4,3.33,3.38
orig_24838991745_540_5s.mp4,3.16,3.09
orig_24869843400_540_5s.mp4,3.87,3.93
orig_24945502913_540_5s.mp4,3.78,3.86
orig_24951476652_540_5s.mp4,2.97,2.93
orig_25039053345_540_5s.mp4,3.82,3.86
orig_25122391100_540_5s.mp4,3.22,3.22
orig_25234619140_540_5s.mp4,3.24,3.28
orig_25266815001_540_5s.mp4,3.16,3.18
orig_25383049122_540_5s.mp4,3.55,3.54
orig_25434188212_540_5s.mp4,3.21,3.29
orig_25488752735_540_5s.mp4,3.1,3.09
orig_25692175423_540_5s.mp4,3.66,3.6
orig_25703451354_540_5s.mp4,3.47,3.49
orig_25716648916_540_5s.mp4,3.05,2.97
orig_25781914223_540_5s.mp4,3.72,3.74
orig_25797702344_540_5s.mp4,3.48,3.32
orig_25802177843_540_5s.mp4,3.49,3.62
orig_25841319523_540_5s.mp4,2.91,2.88
orig_25897883275_540_5s.mp4,3.54,3.49
orig_25909453911_540_5s.mp4,3.39,3.36
orig_25924108972_540_5s.mp4,3.47,3.48
orig_25929477342_540_5s.mp4,3.23,3.24
orig_25946704550_540_5s.mp4,3.25,3.19
orig_25974272384_540_5s.mp4,3.76,3.73
orig_25975183543_540_5s.mp4,3.19,3.1
orig_25994020754_540_5s.mp4,3.9,3.94
orig_26000260544_540_5s.mp4,2.8,2.77
orig_26129742276_540_5s.mp4,3.3,3.32
orig_26149747200_540_5s.mp4,3.29,3.28
orig_26152828844_540_5s.mp4,3.37,3.32
orig_26174788626_540_5s.mp4,3.66,3.64
orig_26182940961_540_5s.mp4,3.56,3.53
orig_26195723280_540_5s.mp4,3.33,3.36
orig_26197283391_540_5s.mp4,3.27,3.21
orig_26203413391_540_5s.mp4,3.15,3.13
orig_26263794971_540_5s.mp4,3.51,3.56
orig_26264407081_540_5s.mp4,2.74,2.62
orig_26320793826_540_5s.mp4,3.84,3.83
orig_26328023231_540_5s.mp4,3.24,3.28
orig_26358310284_540_5s.mp4,3.65,3.67
orig_26379904376_540_5s.mp4,3.85,3.84
orig_26444388856_540_5s.mp4,3.09,3.11
orig_26446418980_540_5s.mp4,3.02,3.03
orig_26466554276_540_5s.mp4,3.74,3.74
orig_26495264222_540_5s.mp4,3.48,3.51
orig_26498534494_540_5s.mp4,2.8,2.85
orig_26503041756_540_5s.mp4,3.64,3.59
orig_26536524296_540_5s.mp4,2.89,2.84
orig_26582970000_540_5s.mp4,3.7,3.67
orig_26679959801_540_5s.mp4,3.49,3.5
orig_26720714694_540_5s.mp4,3.81,3.8
orig_26724689832_540_5s.mp4,3.53,3.59
orig_26773565961_540_5s.mp4,3.66,3.65
orig_26817430195_540_5s.mp4,3.71,3.71
orig_26837202245_540_5s.mp4,2.55,2.54
orig_26849157842_540_5s.mp4,3.82,3.85
orig_26943403092_540_5s.mp4,3.71,3.78
orig_27031651066_540_5s.mp4,3.54,3.55
orig_27054360415_540_5s.mp4,3.71,3.7
orig_27107780922_540_5s.mp4,3.7,3.78
orig_27149430996_540_5s.mp4,3.39,3.4
orig_27190908964_540_5s.mp4,3.83,3.88
orig_27196331664_540_5s.mp4,3.19,3.11
orig_27299958991_540_5s.mp4,2.99,2.88
orig_27329482335_540_5s.mp4,2.63,2.62
orig_27356187293_540_5s.mp4,2.94,2.94
orig_27375884435_540_5s.mp4,3.48,3.49
orig_27377310404_540_5s.mp4,3.47,3.36
orig_27382235045_540_5s.mp4,3.38,3.36
orig_27394890363_540_5s.mp4,3.76,3.82
orig_27395932661_540_5s.mp4,3.13,2.97
orig_27396947471_540_5s.mp4,3.17,3.14
orig_27410522773_540_5s.mp4,3.69,3.77
orig_27437970444_540_5s.mp4,3.72,3.72
orig_27457686864_540_5s.mp4,3.92,3.98
orig_27503290914_540_5s.mp4,3.9,3.99
orig_27523766614_540_5s.mp4,3.31,3.31
orig_27551163452_540_5s.mp4,3.74,3.79
orig_27559493080_540_5s.mp4,3.74,3.69
orig_27573802361_540_5s.mp4,3.33,3.37
orig_27590014094_540_5s.mp4,3.57,3.61
orig_27596139076_540_5s.mp4,3.71,3.69
orig_27600262422_540_5s.mp4,2.91,2.93
orig_27642235411_540_5s.mp4,3.23,3.19
orig_27682011773_540_5s.mp4,3.55,3.59
orig_27691836954_540_5s.mp4,3.14,3.18
orig_27713628775_540_5s.mp4,3.26,3.26
orig_27731272880_540_5s.mp4,2.18,2.22
orig_27743821234_540_5s.mp4,3.8,3.8
orig_27790404625_540_5s.mp4,3.61,3.58
orig_27799647762_540_5s.mp4,3.09,3.12
orig_27827135533_540_5s.mp4,3.79,3.81
orig_27849039356_540_5s.mp4,3.31,3.17
orig_27853734780_540_5s.mp4,3.77,3.79
orig_27858420440_540_5s.mp4,3.47,3.5
orig_27859474480_540_5s.mp4,3.59,3.65
orig_27912694584_540_5s.mp4,3.39,3.36
orig_27975737064_540_5s.mp4,3.93,3.91
orig_27986166475_540_5s.mp4,3.44,3.48
orig_27993469682_540_5s.mp4,3.71,3.64
orig_28009024391_540_5s.mp4,2.91,2.88
orig_28031262862_540_5s.mp4,3.5,3.56
orig_28113076213_540_5s.mp4,3.75,3.78
orig_28192850842_540_5s.mp4,3.7,3.62
orig_28199845850_540_5s.mp4,3.84,3.91
orig_28222590901_540_5s.mp4,3.63,3.62
orig_28291925560_540_5s.mp4,2.97,2.88
orig_28325550562_540_5s.mp4,3.32,3.28
orig_28331450246_540_5s.mp4,3.32,3.27
orig_28359574485_540_5s.mp4,3.79,3.84
orig_28385463376_540_5s.mp4,3.58,3.6
orig_28391285836_540_5s.mp4,3.69,3.61
orig_28437528874_540_5s.mp4,3.1,3.09
orig_28492285025_540_5s.mp4,3.59,3.67
orig_28500121761_540_5s.mp4,3.55,3.55
orig_28518868386_540_5s.mp4,3.34,3.32
orig_28528961132_540_5s.mp4,3.37,3.42
orig_28573353421_540_5s.mp4,3.42,3.36
orig_28584706394_540_5s.mp4,2.78,2.76
orig_28631519145_540_5s.mp4,2.78,2.76
orig_28710739060_540_5s.mp4,3.68,3.62
orig_28710759592_540_5s.mp4,3.77,3.73
orig_28733725312_540_5s.mp4,3.19,3.21
orig_28734078300_540_5s.mp4,2.87,2.91
orig_28772730706_540_5s.mp4,3.55,3.48
orig_28799019231_540_5s.mp4,3.6,3.63
orig_28881983142_540_5s.mp4,3.47,3.59
orig_28937286164_540_5s.mp4,3.81,3.81
orig_28983799021_540_5s.mp4,3.3,3.29
orig_28988945312_540_5s.mp4,3.8,3.82
orig_28995519584_540_5s.mp4,3.63,3.69
orig_29007843650_540_5s.mp4,3.64,3.8
orig_29036610410_540_5s.mp4,3.39,3.39
orig_29045400753_540_5s.mp4,3.53,3.52
orig_29158452526_540_5s.mp4,3.65,3.69
orig_29174361576_540_5s.mp4,3.74,3.73
orig_29175864406_540_5s.mp4,3.14,3.09
orig_29211198256_540_5s.mp4,3.01,3.11
orig_29219172693_540_5s.mp4,3.81,3.83
orig_29241992412_540_5s.mp4,3.76,3.76
orig_29301287851_540_5s.mp4,3.12,3.14
orig_29308197214_540_5s.mp4,3.6,3.59
orig_29340401490_540_5s.mp4,3.64,3.61
orig_29444783742_540_5s.mp4,3.11,3.12
orig_29482503512_540_5s.mp4,3.35,3.27
orig_29492643695_540_5s.mp4,3.14,3.06
orig_29495397020_540_5s.mp4,3.58,3.61
orig_29563007772_540_5s.mp4,2.66,2.67
orig_29698759831_540_5s.mp4,3.91,3.91
orig_29751382051_540_5s.mp4,3.52,3.49
orig_29775855524_540_5s.mp4,3.7,3.71
orig_29803265443_540_5s.mp4,3.25,3.25
orig_29815192953_540_5s.mp4,3.59,3.62
orig_29826103643_540_5s.mp4,3.31,3.36
orig_29845401011_540_5s.mp4,3.9,3.92
orig_29889101164_540_5s.mp4,3.87,3.89
orig_29893756860_540_5s.mp4,3.42,3.43
orig_29927043250_540_5s.mp4,3.44,3.45
orig_29930535616_540_5s.mp4,3.71,3.8
orig_29953089732_540_5s.mp4,2.73,2.73
orig_29955620811_540_5s.mp4,3.84,3.9
orig_29973540123_540_5s.mp4,3.31,3.31
orig_30023691321_540_5s.mp4,3.45,3.48
orig_30080933183_540_5s.mp4,2.15,2.16
orig_30090491066_540_5s.mp4,2.79,2.77
orig_30138852220_540_5s.mp4,3.56,3.5
orig_30144383883_540_5s.mp4,3.6,3.64
orig_30219043162_540_5s.mp4,3.25,3.29
orig_30224799125_540_5s.mp4,3.71,3.72
orig_30249592885_540_5s.mp4,2.74,2.75
orig_30273012302_540_5s.mp4,3.35,3.29
orig_30282092661_540_5s.mp4,3.53,3.5
orig_30340281484_540_5s.mp4,3.66,3.66
orig_30343112203_540_5s.mp4,3.57,3.58
orig_30377843273_540_5s.mp4,3.06,3.13
orig_30407434215_540_5s.mp4,3.38,3.37
orig_30428221263_540_5s.mp4,2.85,2.81
orig_30435417805_540_5s.mp4,3.35,3.32
orig_30441043926_540_5s.mp4,3.74,3.73
orig_30446308460_540_5s.mp4,3.02,2.99
orig_30453330282_540_5s.mp4,2.99,3.0
orig_30477592315_540_5s.mp4,3.84,3.77
orig_30523961723_540_5s.mp4,3.76,3.72
orig_30528027715_540_5s.mp4,3.08,3.07
orig_30595328186_540_5s.mp4,3.47,3.52
orig_30646116900_540_5s.mp4,3.63,3.67
orig_30748914444_540_5s.mp4,3.86,3.79
orig_30910542543_540_5s.mp4,3.11,3.09
orig_30947134074_540_5s.mp4,3.61,3.71
orig_30988963851_540_5s.mp4,3.17,3.14
orig_31017615163_540_5s.mp4,3.56,3.55
orig_31024729762_540_5s.mp4,3.8,3.86
orig_31027799282_540_5s.mp4,3.26,3.26
orig_31028599811_540_5s.mp4,3.59,3.48
orig_31081064111_540_5s.mp4,3.38,3.32
orig_31095875245_540_5s.mp4,3.63,3.66
orig_31138182846_540_5s.mp4,3.22,3.18
orig_31141572973_540_5s.mp4,3.09,3.04
orig_31158763425_540_5s.mp4,3.12,3.04
orig_31169524320_540_5s.mp4,3.41,3.38
orig_31173683094_540_5s.mp4,2.8,2.85
orig_31199833344_540_5s.mp4,3.67,3.61
orig_31279425835_540_5s.mp4,3.03,3.08
orig_31377980834_540_5s.mp4,3.7,3.68
orig_31389228922_540_5s.mp4,3.6,3.56
orig_31413738326_540_5s.mp4,2.84,2.8
orig_31520199214_540_5s.mp4,3.43,3.41
orig_31538386902_540_5s.mp4,3.38,3.36
orig_31546426113_540_5s.mp4,3.66,3.62
orig_31569632051_540_5s.mp4,3.42,3.43
orig_31670040194_540_5s.mp4,3.68,3.73
orig_31737907820_540_5s.mp4,3.49,3.43
orig_31830660201_540_5s.mp4,2.99,2.96
orig_31879522363_540_5s.mp4,3.6,3.66
orig_31879910363_540_5s.mp4,3.49,3.52
orig_31899335754_540_5s.mp4,3.23,3.25
orig_31902130772_540_5s.mp4,2.52,2.5
orig_31939283352_540_5s.mp4,3.55,3.62
orig_31950758925_540_5s.mp4,3.33,3.31
orig_32017930740_540_5s.mp4,3.36,3.33
orig_32027866352_540_5s.mp4,2.98,2.96
orig_32089735901_540_5s.mp4,3.62,3.64
orig_32095582413_540_5s.mp4,3.72,3.69
orig_32117243745_540_5s.mp4,2.77,2.63
orig_32138229841_540_5s.mp4,3.44,3.49
orig_32160220300_540_5s.mp4,3.61,3.58
orig_32162125342_540_5s.mp4,3.62,3.66
orig_32193562816_540_5s.mp4,2.92,2.86
orig_32202195452_540_5s.mp4,3.23,3.18
orig_32235996645_540_5s.mp4,3.61,3.59
orig_32265229820_540_5s.mp4,3.5,3.52
orig_32276892233_540_5s.mp4,3.72,3.77
orig_32342151856_540_5s.mp4,3.6,3.58
orig_32407018615_540_5s.mp4,3.22,3.18
orig_32512732705_540_5s.mp4,3.41,3.45
orig_32544986061_540_5s.mp4,3.57,3.58
orig_32605230825_540_5s.mp4,3.21,3.28
orig_32609205333_540_5s.mp4,3.5,3.51
orig_32645783570_540_5s.mp4,3.8,3.81
orig_32645890266_540_5s.mp4,2.96,3.04
orig_32744974311_540_5s.mp4,3.7,3.75
orig_32851557726_540_5s.mp4,3.67,3.62
orig_32858303080_540_5s.mp4,2.48,2.48
orig_32870460915_540_5s.mp4,3.63,3.59
orig_32958607242_540_5s.mp4,3.54,3.57
orig_33090912016_540_5s.mp4,3.39,3.45
orig_33120944112_540_5s.mp4,3.62,3.6
orig_33154740375_540_5s.mp4,3.36,3.31
orig_33216560936_540_5s.mp4,3.13,3.04
orig_33251508262_540_5s.mp4,2.33,2.32
orig_6607203845_540_5s.mp4,3.35,3.36
orig_6617742337_540_5s.mp4,2.88,2.97
orig_6657424449_540_5s.mp4,2.84,2.85
orig_6764039687_540_5s.mp4,3.48,3.5
orig_6764483319_540_5s.mp4,3.26,3.31
orig_6804359712_540_5s.mp4,3.38,3.4
orig_6807624556_540_5s.mp4,3.08,3.08
orig_6808814406_540_5s.mp4,3.44,3.39
orig_6810263621_540_5s.mp4,3.11,3.12
orig_6821916119_540_5s.mp4,3.2,3.07
orig_6826886562_540_5s.mp4,2.65,2.7
orig_6854728439_540_5s.mp4,3.5,3.42
orig_6857419429_540_5s.mp4,3.23,3.28
orig_6863701145_540_5s.mp4,3.24,3.38
orig_6899392719_540_5s.mp4,3.5,3.4
orig_6899765894_540_5s.mp4,3.06,3.05
orig_6900559884_540_5s.mp4,2.7,2.75
orig_6902416525_540_5s.mp4,2.75,2.69
orig_6908200069_540_5s.mp4,3.22,3.25
orig_6909041751_540_5s.mp4,3.24,3.25
orig_6913845533_540_5s.mp4,2.98,2.95
orig_6914431269_540_5s.mp4,3.09,3.06
orig_6915113692_540_5s.mp4,2.81,2.74
orig_6923360329_540_5s.mp4,3.08,3.06
orig_6926607030_540_5s.mp4,3.75,3.83
orig_6927087785_540_5s.mp4,3.75,3.82
orig_6927187079_540_5s.mp4,2.81,2.81
orig_6935860675_540_5s.mp4,3.8,3.78
orig_6937856295_540_5s.mp4,3.31,3.36
orig_6960540292_540_5s.mp4,2.99,2.99
orig_6968793081_540_5s.mp4,3.39,3.45
orig_6978148664_540_5s.mp4,2.92,2.88
orig_6993365273_540_5s.mp4,2.62,2.56
orig_6993785618_540_5s.mp4,3.54,3.56
orig_6995947829_540_5s.mp4,3.55,3.6
orig_7011644321_540_5s.mp4,3.34,3.33
orig_7012139459_540_5s.mp4,3.38,3.31
orig_7020626229_540_5s.mp4,3.01,3.0
orig_7052847689_540_5s.mp4,3.43,3.4
orig_7063461031_540_5s.mp4,3.55,3.61
orig_7103683449_540_5s.mp4,2.79,2.81
orig_7171799028_540_5s.mp4,4.0,3.99
orig_7189306515_540_5s.mp4,2.98,3.02
orig_7199190722_540_5s.mp4,3.18,3.29
orig_7207548830_540_5s.mp4,3.42,3.51
orig_7219814836_540_5s.mp4,3.54,3.55
orig_7243992352_540_5s.mp4,2.56,2.59
orig_7267930490_540_5s.mp4,3.38,3.39
orig_7274363656_540_5s.mp4,3.63,3.58
orig_7285103968_540_5s.mp4,3.66,3.59
orig_7334480574_540_5s.mp4,3.2,3.28
orig_7447272398_540_5s.mp4,3.0,2.95
orig_7458558488_540_5s.mp4,3.39,3.35
orig_7459709250_540_5s.mp4,3.37,3.33
orig_7474864394_540_5s.mp4,3.19,3.17
orig_7509458596_540_5s.mp4,2.74,2.73
orig_7509589338_540_5s.mp4,2.12,2.16
orig_7524196614_540_5s.mp4,3.61,3.59
orig_7545371462_540_5s.mp4,2.68,2.66
orig_7547317224_540_5s.mp4,2.83,2.84
orig_7554089232_540_5s.mp4,3.19,3.2
orig_7574905682_540_5s.mp4,3.44,3.37
orig_7580989860_540_5s.mp4,3.61,3.57
orig_7597956004_540_5s.mp4,3.22,3.16
orig_7622159322_540_5s.mp4,3.28,3.4
orig_7635241618_540_5s.mp4,2.99,3.08
orig_7651221392_540_5s.mp4,2.95,2.96
orig_7659214360_540_5s.mp4,3.02,2.91
orig_7663651950_540_5s.mp4,3.15,2.99
orig_7665908862_540_5s.mp4,3.17,3.1
orig_7670801476_540_5s.mp4,3.47,3.45
orig_7707823398_540_5s.mp4,3.73,3.77
orig_7720762740_540_5s.mp4,2.48,2.55
orig_7721136914_540_5s.mp4,3.24,3.26
orig_7750660340_540_5s.mp4,2.42,2.44
orig_7752068096_540_5s.mp4,3.15,3.11
orig_7758170396_540_5s.mp4,3.5,3.5
orig_7820926998_540_5s.mp4,3.74,3.69
orig_7848283934_540_5s.mp4,2.48,2.45
orig_7860089854_540_5s.mp4,3.39,3.42
orig_7863421552_540_5s.mp4,2.14,1.98
orig_7897798986_540_5s.mp4,2.8,2.88
orig_7926920052_540_5s.mp4,2.94,2.88
orig_7927697724_540_5s.mp4,3.54,3.55
orig_7931598766_540_5s.mp4,3.57,3.63
orig_7943691182_540_5s.mp4,2.76,2.76
orig_7958709352_540_5s.mp4,2.88,2.91
orig_7963101048_540_5s.mp4,3.54,3.52
orig_7970129912_540_5s.mp4,3.73,3.76
orig_7972868272_540_5s.mp4,3.12,3.09
orig_7989956457_540_5s.mp4,3.29,3.22
orig_7990136779_540_5s.mp4,3.77,3.8
orig_7990796705_540_5s.mp4,2.36,2.4
orig_7997132497_540_5s.mp4,3.31,3.32
orig_8005295809_540_5s.mp4,2.8,2.76
orig_8006328548_540_5s.mp4,2.69,2.68
orig_8006531670_540_5s.mp4,3.2,3.12
orig_8009734977_540_5s.mp4,3.0,3.01
orig_8014044698_540_5s.mp4,3.26,3.25
orig_8017546122_540_5s.mp4,3.6,3.61
orig_8019848088_540_5s.mp4,3.66,3.62
orig_8021967221_540_5s.mp4,3.32,3.28
orig_8025185694_540_5s.mp4,2.98,2.92
orig_8025802348_540_5s.mp4,3.47,3.44
orig_8034479293_540_5s.mp4,3.56,3.56
orig_8046533447_540_5s.mp4,3.37,3.37
orig_8057762511_540_5s.mp4,3.74,3.76
orig_8079185883_540_5s.mp4,2.92,2.95
orig_8087724077_540_5s.mp4,3.59,3.55
orig_8105366736_540_5s.mp4,3.3,3.3
orig_8106180626_540_5s.mp4,3.45,3.53
orig_8119446348_540_5s.mp4,3.16,3.24
orig_8132757567_540_5s.mp4,3.54,3.54
orig_8132879971_540_5s.mp4,3.68,3.71
orig_8132925297_540_5s.mp4,3.6,3.63
orig_8133742629_540_5s.mp4,3.55,3.58
orig_8146047380_540_5s.mp4,3.54,3.57
orig_8169493247_540_5s.mp4,3.41,3.44
orig_8194934585_540_5s.mp4,3.2,3.2
orig_8195732886_540_5s.mp4,3.45,3.47
orig_8198021057_540_5s.mp4,3.28,3.29
orig_8199667806_540_5s.mp4,3.14,3.2
orig_8202613062_540_5s.mp4,3.62,3.59
orig_8234040922_540_5s.mp4,3.21,3.21
orig_8235561033_540_5s.mp4,2.84,2.89
orig_8236355748_540_5s.mp4,3.53,3.5
orig_8249087938_540_5s.mp4,3.82,3.85
orig_8249115055_540_5s.mp4,3.75,3.76
orig_8269688429_540_5s.mp4,3.66,3.65
orig_8290514097_540_5s.mp4,3.17,3.07
orig_8312479097_540_5s.mp4,2.62,2.59
orig_8321126966_540_5s.mp4,3.09,3.09
orig_8341721543_540_5s.mp4,3.51,3.48
orig_8367438157_540_5s.mp4,3.46,3.43
orig_8374539850_540_5s.mp4,3.45,3.52
orig_8377297867_540_5s.mp4,3.61,3.59
orig_8380264843_540_5s.mp4,3.42,3.35
orig_8385838178_540_5s.mp4,3.09,3.09
orig_8393739405_540_5s.mp4,3.25,3.25
orig_8397123990_540_5s.mp4,3.05,3.09
orig_8439945305_540_5s.mp4,3.32,3.32
orig_8443083511_540_5s.mp4,3.55,3.61
orig_8458988831_540_5s.mp4,3.43,3.46
orig_8460870081_540_5s.mp4,3.02,3.04
orig_8465836924_540_5s.mp4,3.67,3.7
orig_8478503595_540_5s.mp4,2.62,2.66
orig_8507613491_540_5s.mp4,3.23,3.22
orig_8510198963_540_5s.mp4,3.68,3.67
orig_8545134506_540_5s.mp4,3.63,3.6
orig_8547371391_540_5s.mp4,3.67,3.58
orig_8558153904_540_5s.mp4,3.67,3.69
orig_8567279196_540_5s.mp4,2.8,2.79
orig_8568353648_540_5s.mp4,3.58,3.58
orig_8571129983_540_5s.mp4,3.11,3.07
orig_8581294248_540_5s.mp4,3.53,3.46
orig_8585489449_540_5s.mp4,3.23,3.22
orig_8591744558_540_5s.mp4,3.38,3.42
orig_8594827082_540_5s.mp4,3.88,3.94
orig_8611219479_540_5s.mp4,2.74,2.8
orig_8620466597_540_5s.mp4,2.71,2.63
orig_8623651997_540_5s.mp4,3.63,3.68
orig_8635261029_540_5s.mp4,2.93,2.93
orig_8639370725_540_5s.mp4,3.09,3.17
orig_8642150052_540_5s.mp4,3.7,3.67
orig_8645393077_540_5s.mp4,2.76,2.74
orig_8645395439_540_5s.mp4,3.22,3.24
orig_8665049848_540_5s.mp4,3.14,3.29
orig_8666435959_540_5s.mp4,3.35,3.34
orig_8670876511_540_5s.mp4,3.45,3.51
orig_8673633644_540_5s.mp4,3.54,3.46
orig_8686930416_540_5s.mp4,3.6,3.57
orig_8718917150_540_5s.mp4,3.75,3.82
orig_8736097417_540_5s.mp4,2.98,2.87
orig_8762361451_540_5s.mp4,3.18,3.16
orig_8773413741_540_5s.mp4,3.17,3.06
orig_8787174063_540_5s.mp4,3.6,3.62
orig_8788413434_540_5s.mp4,3.15,3.19
orig_8808398538_540_5s.mp4,2.95,3.06
orig_8850823081_540_5s.mp4,3.69,3.74
orig_8914220682_540_5s.mp4,3.87,3.81
orig_8941437335_540_5s.mp4,2.78,2.77
orig_8966322420_540_5s.mp4,3.65,3.68
orig_8974030731_540_5s.mp4,3.13,3.15
orig_8984232564_540_5s.mp4,3.62,3.72
orig_9015860009_540_5s.mp4,3.41,3.35
orig_9016050991_540_5s.mp4,3.35,3.32
orig_9016933737_540_5s.mp4,3.05,3.03
orig_9052132653_540_5s.mp4,3.37,3.32
orig_9067578172_540_5s.mp4,2.97,2.92
orig_9076781893_540_5s.mp4,3.8,3.75
orig_9079039734_540_5s.mp4,2.99,3.01
orig_9080433248_540_5s.mp4,2.99,2.93
orig_9093512722_540_5s.mp4,3.46,3.48
orig_9095250865_540_5s.mp4,3.53,3.59
orig_9102109453_540_5s.mp4,3.68,3.65
orig_9136303443_540_5s.mp4,2.97,2.94
orig_9146595761_540_5s.mp4,3.12,3.07
orig_9201685057_540_5s.mp4,3.39,3.4
orig_9230865006_540_5s.mp4,3.5,3.53
orig_9230930851_540_5s.mp4,2.97,2.98
orig_9234165594_540_5s.mp4,3.47,3.54
orig_9235532935_540_5s.mp4,3.52,3.5
orig_9238806527_540_5s.mp4,3.86,3.84
orig_9242653709_540_5s.mp4,2.97,2.95
orig_9264777498_540_5s.mp4,3.1,3.1
orig_9280896858_540_5s.mp4,3.44,3.35
orig_9289437518_540_5s.mp4,3.53,3.63
orig_9301565199_540_5s.mp4,2.78,2.73
orig_9303296247_540_5s.mp4,2.5,2.49
orig_9330232970_540_5s.mp4,2.94,2.96
orig_9347930126_540_5s.mp4,3.28,3.32
orig_9351246778_540_5s.mp4,3.24,3.19
orig_9353800761_540_5s.mp4,3.7,3.72
orig_9384508234_540_5s.mp4,3.31,3.37
orig_9399947390_540_5s.mp4,3.43,3.45
orig_9400029420_540_5s.mp4,3.56,3.59
orig_9419055779_540_5s.mp4,2.62,2.58
orig_9447460293_540_5s.mp4,2.06,1.97
orig_9447670275_540_5s.mp4,3.34,3.45
orig_9452574938_540_5s.mp4,3.06,3.07
orig_9459883569_540_5s.mp4,3.2,3.33
orig_9480741001_540_5s.mp4,3.93,3.88
orig_9489173823_540_5s.mp4,3.4,3.46
orig_9491962880_540_5s.mp4,3.71,3.7
orig_9496154516_540_5s.mp4,3.55,3.46
orig_9500717358_540_5s.mp4,3.08,3.09
orig_9512846855_540_5s.mp4,3.68,3.66
orig_9543461302_540_5s.mp4,3.82,3.86
orig_9605553726_540_5s.mp4,3.04,2.98
orig_9637950265_540_5s.mp4,3.77,3.72
orig_9640403442_540_5s.mp4,3.48,3.46
orig_9648130627_540_5s.mp4,3.48,3.51
orig_9650535224_540_5s.mp4,3.74,3.73
orig_9669772982_540_5s.mp4,3.2,3.16
orig_9681827610_540_5s.mp4,2.91,2.9
orig_9729289465_540_5s.mp4,3.12,3.1
orig_9735852234_540_5s.mp4,3.13,3.11
orig_9753649192_540_5s.mp4,3.54,3.59
orig_9768183003_540_5s.mp4,2.95,2.89
orig_9794585496_540_5s.mp4,2.86,2.9
orig_9812184863_540_5s.mp4,3.25,3.27
orig_9812580796_540_5s.mp4,3.28,3.37
orig_9823994603_540_5s.mp4,3.59,3.57
orig_9825112745_540_5s.mp4,3.1,3.12
orig_9938542916_540_5s.mp4,3.52,3.53
orig_9975519606_540_5s.mp4,3.31,3.36
orig_10102732496_540_5s.mp4,3.59,3.66
orig_10106449093_540_5s.mp4,3.91,3.92
orig_10259212155_540_5s.mp4,2.62,2.66
orig_10357077086_540_5s.mp4,2.75,2.77
orig_10508917744_540_5s.mp4,3.21,3.19
orig_10640011276_540_5s.mp4,2.31,2.31
orig_10650207475_540_5s.mp4,2.47,2.41
orig_10681023525_540_5s.mp4,3.06,3.02
orig_10685433254_540_5s.mp4,2.99,2.96
orig_10705034506_540_5s.mp4,3.65,3.58
orig_10905145164_540_5s.mp4,3.51,3.52
orig_10932852506_540_5s.mp4,3.32,3.25
orig_11020851733_540_5s.mp4,2.32,2.28
orig_11298519723_540_5s.mp4,2.77,2.74
orig_11342339114_540_5s.mp4,3.52,3.51
orig_11360435856_540_5s.mp4,2.6,2.51
orig_11417380814_540_5s.mp4,2.82,2.87
orig_11520412485_540_5s.mp4,3.43,3.48
orig_11536521866_540_5s.mp4,2.24,2.11
orig_11652977754_540_5s.mp4,3.21,3.14
orig_11666955805_540_5s.mp4,3.46,3.42
orig_11672762136_540_5s.mp4,2.4,2.37
orig_11691633566_540_5s.mp4,3.41,3.36
orig_11722754406_540_5s.mp4,3.11,3.09
orig_11750297625_540_5s.mp4,2.6,2.57
orig_11798315184_540_5s.mp4,3.79,3.83
orig_11923417633_540_5s.mp4,3.3,3.27
orig_11957385994_540_5s.mp4,3.53,3.58
orig_12018352275_540_5s.mp4,3.37,3.44
orig_12275166555_540_5s.mp4,3.66,3.63
orig_12277376915_540_5s.mp4,3.41,3.4
orig_12364608835_540_5s.mp4,3.57,3.53
orig_12378508014_540_5s.mp4,3.42,3.39
orig_12472488995_540_5s.mp4,3.37,3.32
orig_12579330124_540_5s.mp4,3.34,3.42
orig_12626065885_540_5s.mp4,3.45,3.38
orig_12632067125_540_5s.mp4,3.53,3.49
orig_12632989803_540_5s.mp4,3.14,3.19
orig_12814072065_540_5s.mp4,3.25,3.36
orig_12854446124_540_5s.mp4,3.14,3.17
orig_13040957523_540_5s.mp4,3.69,3.78
orig_13251402493_540_5s.mp4,3.54,3.61
orig_13333227604_540_5s.mp4,2.98,2.98
orig_13527623824_540_5s.mp4,3.12,3.08
orig_13709515814_540_5s.mp4,3.68,3.54
orig_13752284844_540_5s.mp4,3.47,3.49
orig_13788070534_540_5s.mp4,3.5,3.45
orig_13831818833_540_5s.mp4,2.84,2.89
orig_13901237795_540_5s.mp4,3.25,3.25
orig_13946007818_540_5s.mp4,3.42,3.55
orig_13973509272_540_5s.mp4,2.51,2.48
orig_13977272686_540_5s.mp4,3.52,3.48
orig_13988590184_540_5s.mp4,3.46,3.44
orig_14009598259_540_5s.mp4,3.77,3.71
orig_14010096946_540_5s.mp4,3.73,3.71
orig_14022862337_540_5s.mp4,3.74,3.77
orig_14031211301_540_5s.mp4,3.31,3.31
orig_14034091758_540_5s.mp4,3.82,3.85
orig_14046793532_540_5s.mp4,3.53,3.55
orig_14063147893_540_5s.mp4,3.58,3.65
orig_14069401583_540_5s.mp4,3.62,3.56
orig_14107204675_540_5s.mp4,3.57,3.56
orig_14107649685_540_5s.mp4,3.07,3.15
orig_14113211049_540_5s.mp4,3.64,3.61
orig_14116860765_540_5s.mp4,3.37,3.41
orig_14119839664_540_5s.mp4,3.84,3.82
orig_14175442232_540_5s.mp4,3.07,3.06
orig_14185255526_540_5s.mp4,3.56,3.62
orig_14191042650_540_5s.mp4,3.65,3.69
orig_14211192525_540_5s.mp4,3.43,3.51
orig_14240283829_540_5s.mp4,3.69,3.7
orig_14248027075_540_5s.mp4,2.79,2.77
orig_14258014001_540_5s.mp4,3.47,3.46
orig_14259619852_540_5s.mp4,3.53,3.49
orig_14293177598_540_5s.mp4,3.13,3.14
orig_14374648402_540_5s.mp4,2.83,2.84
orig_14382077327_540_5s.mp4,3.09,3.03
orig_14420093836_540_5s.mp4,3.23,3.21
orig_14540016208_540_5s.mp4,3.69,3.75
orig_14542572205_540_5s.mp4,3.28,3.25
orig_14564753753_540_5s.mp4,1.97,1.92
orig_14597626252_540_5s.mp4,3.51,3.44
orig_14612720725_540_5s.mp4,3.31,3.34
orig_14633012247_540_5s.mp4,3.83,3.79
orig_14637482566_540_5s.mp4,3.41,3.49
orig_14649233932_540_5s.mp4,3.5,3.45
orig_14680331677_540_5s.mp4,3.51,3.62
orig_14714420451_540_5s.mp4,3.57,3.59
orig_14722227302_540_5s.mp4,3.26,3.23
orig_14769509243_540_5s.mp4,3.15,3.18
orig_14807877152_540_5s.mp4,2.36,2.34
orig_14821783938_540_5s.mp4,3.48,3.51
orig_14826798393_540_5s.mp4,3.54,3.58
orig_14826891633_540_5s.mp4,2.32,2.36
orig_14839517183_540_5s.mp4,3.88,3.83
orig_14840251640_540_5s.mp4,3.23,3.22
orig_14842202935_540_5s.mp4,3.14,3.1
orig_14860187213_540_5s.mp4,3.28,3.22
orig_14900915873_540_5s.mp4,3.75,3.69
orig_14941605259_540_5s.mp4,3.22,3.14
orig_14989887180_540_5s.mp4,2.81,2.91
orig_14990311167_540_5s.mp4,3.23,3.23
orig_15055128008_540_5s.mp4,2.97,2.93
orig_15133359850_540_5s.mp4,3.26,3.32
orig_15138458602_540_5s.mp4,3.33,3.37
orig_15172868494_540_5s.mp4,3.64,3.69
orig_15210544911_540_5s.mp4,3.51,3.42
orig_15254340993_540_5s.mp4,3.51,3.4
orig_15260931108_540_5s.mp4,3.72,3.71
orig_15288565909_540_5s.mp4,2.6,2.64
orig_15319963565_540_5s.mp4,3.25,3.25
orig_15373824341_540_5s.mp4,2.96,2.93
orig_15381793992_540_5s.mp4,3.55,3.57
orig_15415615246_540_5s.mp4,3.51,3.41
orig_15445455482_540_5s.mp4,3.15,3.19
orig_15465086903_540_5s.mp4,3.21,3.14
orig_15469932040_540_5s.mp4,3.59,3.61
orig_15472746414_540_5s.mp4,3.01,3.05
orig_15486088646_540_5s.mp4,3.26,3.31
orig_15497104671_540_5s.mp4,3.04,3.02
orig_15530354412_540_5s.mp4,3.24,3.3
orig_15530583333_540_5s.mp4,3.18,3.34
orig_15617058973_540_5s.mp4,3.68,3.72
orig_15645823686_540_5s.mp4,3.49,3.49
orig_15690072825_540_5s.mp4,3.35,3.26
orig_15690490407_540_5s.mp4,3.48,3.55
orig_15691314703_540_5s.mp4,3.6,3.68
orig_15691988263_540_5s.mp4,2.58,2.52
orig_15712871109_540_5s.mp4,3.44,3.5
orig_15786217732_540_5s.mp4,2.46,2.38
orig_15790305180_540_5s.mp4,3.37,3.35
orig_15807946251_540_5s.mp4,3.46,3.55
orig_15860153352_540_5s.mp4,3.03,3.06
orig_15890926847_540_5s.mp4,3.62,3.58
orig_15897831440_540_5s.mp4,2.97,2.94
orig_15899781127_540_5s.mp4,3.78,3.73
orig_15904153886_540_5s.mp4,3.77,3.73
orig_15933047216_540_5s.mp4,3.48,3.43
orig_15944851856_540_5s.mp4,2.87,2.94
orig_15946349968_540_5s.mp4,3.78,3.82
orig_15952507966_540_5s.mp4,3.46,3.37
orig_15957892530_540_5s.mp4,3.3,3.3
orig_16022729420_540_5s.mp4,3.55,3.52
orig_16026038456_540_5s.mp4,3.28,3.29
orig_16075810822_540_5s.mp4,2.99,2.94
orig_16099673362_540_5s.mp4,3.64,3.62
orig_16107505766_540_5s.mp4,2.86,2.92
orig_16130632459_540_5s.mp4,3.48,3.41
orig_16139066049_540_5s.mp4,2.93,2.86
orig_16145487687_540_5s.mp4,3.09,3.05
orig_16163163234_540_5s.mp4,3.4,3.41
orig_16175381829_540_5s.mp4,3.11,3.09
orig_16229397029_540_5s.mp4,2.91,2.86
orig_16248307045_540_5s.mp4,2.78,2.62
orig_16287064852_540_5s.mp4,3.56,3.59
orig_16291052696_540_5s.mp4,2.89,2.89
orig_16305972756_540_5s.mp4,2.56,2.49
orig_16321852282_540_5s.mp4,3.72,3.67
orig_16323870855_540_5s.mp4,3.23,3.21
orig_16361613235_540_5s.mp4,3.68,3.66
orig_16367459176_540_5s.mp4,3.68,3.6
orig_16437536006_540_5s.mp4,3.12,3.09
orig_16472857284_540_5s.mp4,3.47,3.45
orig_16623917716_540_5s.mp4,3.53,3.49
orig_16638336186_540_5s.mp4,3.42,3.4
orig_16661209841_540_5s.mp4,3.46,3.37
orig_16664261438_540_5s.mp4,3.44,3.52
orig_16670128508_540_5s.mp4,3.18,3.25
orig_16672855007_540_5s.mp4,3.16,3.2
orig_16673989394_540_5s.mp4,3.4,3.38
orig_16735316852_540_5s.mp4,3.48,3.51
orig_16746589618_540_5s.mp4,3.35,3.22
orig_16753217642_540_5s.mp4,3.59,3.57
orig_16827227989_540_5s.mp4,3.32,3.21
orig_16863746535_540_5s.mp4,3.53,3.51
orig_16908197635_540_5s.mp4,3.44,3.39
orig_17024642362_540_5s.mp4,3.43,3.43
orig_17098675098_540_5s.mp4,3.28,3.2
orig_17182377068_540_5s.mp4,3.35,3.38
orig_17296652952_540_5s.mp4,3.52,3.55
orig_17317691926_540_5s.mp4,3.69,3.68
orig_17326411001_540_5s.mp4,3.66,3.61
orig_17394918760_540_5s.mp4,3.63,3.59
orig_17530822944_540_5s.mp4,3.59,3.62
orig_17605330432_540_5s.mp4,3.4,3.39
orig_17633205254_540_5s.mp4,3.8,3.74
orig_17762969609_540_5s.mp4,3.28,3.32
orig_17780102885_540_5s.mp4,3.6,3.58
orig_17938477006_540_5s.mp4,3.37,3.39
orig_17938637309_540_5s.mp4,3.35,3.39
orig_17988631626_540_5s.mp4,2.97,3.04
orig_18125908993_540_5s.mp4,3.09,3.2
orig_18272375613_540_5s.mp4,3.51,3.48
orig_18309850685_540_5s.mp4,3.61,3.56
orig_18319479028_540_5s.mp4,3.73,3.78
orig_18494073805_540_5s.mp4,3.27,3.24
orig_18499242191_540_5s.mp4,3.83,3.86
orig_18577852745_540_5s.mp4,3.85,3.89
orig_18886214713_540_5s.mp4,3.56,3.54
orig_19178689384_540_5s.mp4,2.63,2.65
orig_19307307504_540_5s.mp4,3.34,3.34
orig_19528737835_540_5s.mp4,3.77,3.77
orig_19626184494_540_5s.mp4,3.67,3.69
orig_19653566692_540_5s.mp4,3.2,3.25
orig_19810279050_540_5s.mp4,3.3,3.32
orig_19813317269_540_5s.mp4,3.18,3.17
orig_19902150674_540_5s.mp4,3.68,3.74
orig_19910814104_540_5s.mp4,3.43,3.48
orig_19968099921_540_5s.mp4,3.52,3.58
orig_20117756699_540_5s.mp4,3.51,3.51
orig_20274560576_540_5s.mp4,3.41,3.43
orig_20305734414_540_5s.mp4,3.41,3.42
orig_20315939191_540_5s.mp4,3.48,3.45
orig_20395544024_540_5s.mp4,3.3,3.29
orig_20418458592_540_5s.mp4,3.91,3.97
orig_20481747719_540_5s.mp4,3.26,3.16
orig_20520455935_540_5s.mp4,3.86,3.77
orig_20525599854_540_5s.mp4,2.93,2.93
orig_20614157138_540_5s.mp4,3.4,3.46
orig_20705389400_540_5s.mp4,3.36,3.43
orig_20960923614_540_5s.mp4,3.5,3.57
orig_20981979041_540_5s.mp4,3.64,3.71
orig_21002831502_540_5s.mp4,3.53,3.45
orig_21027977709_540_5s.mp4,2.92,2.88
orig_21046106080_540_5s.mp4,3.68,3.74
orig_21127080131_540_5s.mp4,3.64,3.67
orig_21171895394_540_5s.mp4,3.2,3.14
orig_21203412521_540_5s.mp4,3.26,3.21
orig_21256477425_540_5s.mp4,3.03,3.01
orig_21371742478_540_5s.mp4,3.48,3.47
orig_21399734060_540_5s.mp4,2.68,2.7
orig_21451370714_540_5s.mp4,3.69,3.7
orig_21474635514_540_5s.mp4,3.61,3.63
orig_21593405046_540_5s.mp4,3.51,3.55
orig_21700828428_540_5s.mp4,2.56,2.55
orig_21704674186_540_5s.mp4,3.58,3.52
orig_21772641244_540_5s.mp4,3.18,3.27
orig_21778364544_540_5s.mp4,3.8,3.74
orig_21821501796_540_5s.mp4,2.62,2.49
orig_21893911305_540_5s.mp4,3.42,3.45
orig_21896373509_540_5s.mp4,3.66,3.66
orig_21897325026_540_5s.mp4,2.96,2.96
orig_21942344961_540_5s.mp4,2.59,2.69
orig_22023227775_540_5s.mp4,3.35,3.36
orig_22079805359_540_5s.mp4,3.93,3.96
orig_22298485824_540_5s.mp4,3.09,3.03
orig_22299907246_540_5s.mp4,3.11,3.08
orig_22582551595_540_5s.mp4,3.25,3.29
orig_22684198571_540_5s.mp4,3.04,3.05
orig_22769461459_540_5s.mp4,2.65,2.8
orig_22900617053_540_5s.mp4,2.59,2.62
orig_22969633582_540_5s.mp4,3.74,3.79
orig_22980049775_540_5s.mp4,3.6,3.56
orig_22997482880_540_5s.mp4,2.83,2.73
orig_23141187455_540_5s.mp4,3.55,3.51
orig_23184510352_540_5s.mp4,3.52,3.64
orig_23185085302_540_5s.mp4,3.42,3.52
orig_23213266176_540_5s.mp4,3.55,3.49
orig_23471051143_540_5s.mp4,3.69,3.58
orig_23481934953_540_5s.mp4,3.77,3.79
orig_23482887161_540_5s.mp4,3.21,3.21
orig_23537822536_540_5s.mp4,3.64,3.59
orig_23560457923_540_5s.mp4,3.84,3.95
orig_23607079430_540_5s.mp4,3.24,3.28
orig_23774932802_540_5s.mp4,3.05,3.12
orig_23793681144_540_5s.mp4,3.79,3.82
orig_23806368915_540_5s.mp4,3.06,2.99
orig_23964789340_540_5s.mp4,2.8,2.79
orig_24065474926_540_5s.mp4,3.93,3.91
orig_24371539099_540_5s.mp4,3.7,3.65
orig_24437803401_540_5s.mp4,3.63,3.54
orig_24437937581_540_5s.mp4,3.22,3.29
orig_24623410092_540_5s.mp4,3.69,3.79
orig_24669469660_540_5s.mp4,3.59,3.68
orig_24816486790_540_5s.mp4,3.83,3.83
orig_24899851794_540_5s.mp4,3.29,3.31
orig_24929712094_540_5s.mp4,2.73,2.86
orig_25075630331_540_5s.mp4,3.65,3.65
orig_25242460672_540_5s.mp4,3.12,3.17
orig_25242549580_540_5s.mp4,3.1,3.08
orig_25259504625_540_5s.mp4,3.6,3.61
orig_25287427243_540_5s.mp4,3.82,3.94
orig_25361076605_540_5s.mp4,3.46,3.51
orig_25539950603_540_5s.mp4,3.17,3.16
orig_25647877004_540_5s.mp4,3.58,3.55
orig_25691268991_540_5s.mp4,3.22,3.13
orig_25772335615_540_5s.mp4,2.8,2.84
orig_25774454690_540_5s.mp4,3.61,3.57
orig_25821111144_540_5s.mp4,3.48,3.52
orig_25844695702_540_5s.mp4,3.59,3.61
orig_25914038105_540_5s.mp4,3.77,3.79
orig_26022095010_540_5s.mp4,3.73,3.74
orig_26027953953_540_5s.mp4,3.56,3.57
orig_26220122910_540_5s.mp4,3.58,3.52
orig_26377538315_540_5s.mp4,3.1,3.09
orig_26617201376_540_5s.mp4,3.76,3.77
orig_26634795555_540_5s.mp4,1.88,1.9
orig_26701996435_540_5s.mp4,3.63,3.64
orig_26707280474_540_5s.mp4,3.54,3.5
orig_26718269474_540_5s.mp4,3.5,3.54
orig_26728367886_540_5s.mp4,3.27,3.28
orig_26759362141_540_5s.mp4,3.94,3.99
orig_26825683552_540_5s.mp4,3.73,3.78
orig_26856787000_540_5s.mp4,3.34,3.36
orig_27054688234_540_5s.mp4,3.3,3.21
orig_27081003816_540_5s.mp4,2.88,2.82
orig_27170653422_540_5s.mp4,3.54,3.55
orig_27203653493_540_5s.mp4,3.82,3.82
orig_27216924486_540_5s.mp4,2.84,2.76
orig_27231587352_540_5s.mp4,3.67,3.64
orig_27302551653_540_5s.mp4,3.28,3.25
orig_27322867645_540_5s.mp4,3.5,3.5
orig_27488636674_540_5s.mp4,3.7,3.71
orig_27604803231_540_5s.mp4,3.47,3.51
orig_27605847590_540_5s.mp4,3.69,3.71
orig_27624417273_540_5s.mp4,2.38,2.3
orig_27625680190_540_5s.mp4,3.56,3.59
orig_27629798523_540_5s.mp4,3.64,3.64
orig_27658252081_540_5s.mp4,3.32,3.29
orig_27663046854_540_5s.mp4,3.72,3.76
orig_27726654740_540_5s.mp4,3.62,3.55
orig_27759561454_540_5s.mp4,3.58,3.55
orig_27771866005_540_5s.mp4,3.61,3.63
orig_27961701523_540_5s.mp4,2.78,2.7
orig_27973472776_540_5s.mp4,3.83,3.82
orig_28020077135_540_5s.mp4,3.78,3.73
orig_28077515555_540_5s.mp4,3.65,3.66
orig_28095134575_540_5s.mp4,3.6,3.52
orig_28115493540_540_5s.mp4,3.75,3.77
orig_28259933136_540_5s.mp4,3.02,3.1
orig_28330294960_540_5s.mp4,3.18,3.18
orig_28348901406_540_5s.mp4,3.76,3.78
orig_28374086231_540_5s.mp4,3.86,3.83
orig_28515483281_540_5s.mp4,3.77,3.74
orig_28570466271_540_5s.mp4,3.24,3.21
orig_28570783006_540_5s.mp4,3.58,3.57
orig_28574669531_540_5s.mp4,3.88,3.92
orig_28611812961_540_5s.mp4,3.38,3.3
orig_28650925140_540_5s.mp4,3.28,3.26
orig_28728071025_540_5s.mp4,3.59,3.61
orig_28778781046_540_5s.mp4,3.66,3.69
orig_28819113000_540_5s.mp4,3.39,3.35
orig_28879158346_540_5s.mp4,3.52,3.61
orig_28967899736_540_5s.mp4,2.61,2.56
orig_28996489213_540_5s.mp4,3.07,3.12
orig_29029754452_540_5s.mp4,3.26,3.24
orig_29089517830_540_5s.mp4,3.76,3.75
orig_29125898483_540_5s.mp4,3.41,3.45
orig_29227436712_540_5s.mp4,3.72,3.71
orig_29264356295_540_5s.mp4,3.55,3.5
orig_29307717990_540_5s.mp4,3.76,3.77
orig_29322503334_540_5s.mp4,3.77,3.78
orig_29338903526_540_5s.mp4,3.71,3.7
orig_29380217905_540_5s.mp4,3.56,3.57
orig_29483769653_540_5s.mp4,3.65,3.7
orig_29505204003_540_5s.mp4,3.16,3.23
orig_29618672952_540_5s.mp4,3.86,3.87
orig_29626442601_540_5s.mp4,3.29,3.32
orig_29704122532_540_5s.mp4,3.66,3.71
orig_29878870854_540_5s.mp4,3.82,3.79
orig_29884441875_540_5s.mp4,2.97,2.94
orig_29889654484_540_5s.mp4,3.33,3.39
orig_30126195525_540_5s.mp4,3.64,3.56
orig_30137876021_540_5s.mp4,3.14,3.05
orig_30227248825_540_5s.mp4,3.77,3.75
orig_30279086974_540_5s.mp4,3.65,3.7
orig_30364350085_540_5s.mp4,3.63,3.59
orig_30398692946_540_5s.mp4,3.47,3.51
orig_30601013694_540_5s.mp4,3.28,3.29
orig_30615032073_540_5s.mp4,3.56,3.55
orig_30642555783_540_5s.mp4,2.86,2.79
orig_30719100252_540_5s.mp4,3.86,3.96
orig_30753486504_540_5s.mp4,3.54,3.59
orig_30829492650_540_5s.mp4,3.59,3.59
orig_30873842236_540_5s.mp4,3.56,3.56
orig_30912662244_540_5s.mp4,2.52,2.53
orig_30930309103_540_5s.mp4,3.29,3.31
orig_30970380561_540_5s.mp4,2.68,2.65
orig_30982494791_540_5s.mp4,3.23,3.25
orig_31094739525_540_5s.mp4,3.11,3.09
orig_31152614360_540_5s.mp4,3.42,3.44
orig_31163323211_540_5s.mp4,3.0,3.01
orig_31295640634_540_5s.mp4,3.49,3.51
orig_31437192704_540_5s.mp4,3.83,3.77
orig_31523454135_540_5s.mp4,3.33,3.38
orig_31552697573_540_5s.mp4,3.93,3.91
orig_31574075302_540_5s.mp4,3.64,3.65
orig_31625806123_540_5s.mp4,3.75,3.79
orig_31642160891_540_5s.mp4,3.33,3.34
orig_31682891676_540_5s.mp4,3.11,3.05
orig_31697056364_540_5s.mp4,3.79,3.76
orig_31702542081_540_5s.mp4,3.3,3.22
orig_31735409264_540_5s.mp4,3.56,3.52
orig_31797307855_540_5s.mp4,3.54,3.61
orig_31918300646_540_5s.mp4,3.73,3.76
orig_31974586880_540_5s.mp4,3.1,3.07
orig_31999194531_540_5s.mp4,3.42,3.42
orig_32040697790_540_5s.mp4,3.54,3.46
orig_32078200724_540_5s.mp4,3.78,3.88
orig_32239142955_540_5s.mp4,3.41,3.33
orig_32258873984_540_5s.mp4,3.8,3.83
orig_32397203771_540_5s.mp4,3.88,3.88
orig_32506105475_540_5s.mp4,3.85,3.86
orig_32528370746_540_5s.mp4,3.91,3.93
orig_32538953382_540_5s.mp4,3.53,3.56
orig_32569743611_540_5s.mp4,3.4,3.42
orig_32667236445_540_5s.mp4,3.43,3.36
orig_32688546132_540_5s.mp4,3.33,3.38
orig_32723238295_540_5s.mp4,3.65,3.59
orig_33300339615_540_5s.mp4,3.76,3.82
orig_33322209021_540_5s.mp4,3.1,3.11
orig_33440316735_540_5s.mp4,3.38,3.4
orig_6680239125_540_5s.mp4,3.13,3.08
orig_6701776119_540_5s.mp4,3.06,3.06
orig_6766259061_540_5s.mp4,3.82,3.92
orig_6791827364_540_5s.mp4,3.01,3.0
orig_6795596984_540_5s.mp4,3.64,3.63
orig_6829410427_540_5s.mp4,3.15,3.18
orig_6844002555_540_5s.mp4,2.64,2.63
orig_6845206602_540_5s.mp4,2.79,2.84
orig_6868300442_540_5s.mp4,3.71,3.64
orig_6903549641_540_5s.mp4,3.12,3.15
orig_6904597383_540_5s.mp4,3.45,3.43
orig_6904694884_540_5s.mp4,2.96,2.88
orig_6906647668_540_5s.mp4,3.26,3.29
orig_6926418527_540_5s.mp4,3.26,3.25
orig_6928999134_540_5s.mp4,3.28,3.28
orig_6942123010_540_5s.mp4,3.65,3.65
orig_6950570218_540_5s.mp4,2.15,2.26
orig_6960597878_540_5s.mp4,3.04,2.94
orig_6991114506_540_5s.mp4,3.42,3.33
orig_6991483343_540_5s.mp4,3.18,3.21
orig_7029270875_540_5s.mp4,3.49,3.52
orig_7050136665_540_5s.mp4,2.96,2.94
orig_7054014051_540_5s.mp4,3.47,3.48
orig_7056435993_540_5s.mp4,3.56,3.59
orig_7065933443_540_5s.mp4,3.11,3.07
orig_7111668945_540_5s.mp4,3.48,3.39
orig_7115824393_540_5s.mp4,3.04,3.03
orig_7115885947_540_5s.mp4,2.93,3.0
orig_7146799177_540_5s.mp4,3.38,3.48
orig_7171144463_540_5s.mp4,3.34,3.3
orig_7176210912_540_5s.mp4,3.63,3.68
orig_7197671950_540_5s.mp4,3.23,3.25
orig_7228116140_540_5s.mp4,3.06,3.08
orig_7262375234_540_5s.mp4,3.05,3.01
orig_7267020604_540_5s.mp4,2.14,2.16
orig_7267033566_540_5s.mp4,2.29,2.31
orig_7280861866_540_5s.mp4,3.04,3.0
orig_7284753382_540_5s.mp4,3.69,3.65
orig_7294689276_540_5s.mp4,3.54,3.52
orig_7305368166_540_5s.mp4,2.93,2.87
orig_7344538406_540_5s.mp4,2.74,2.72
orig_7356187396_540_5s.mp4,2.99,2.89
orig_7386731746_540_5s.mp4,2.47,2.42
orig_7397201388_540_5s.mp4,3.4,3.42
orig_7413522028_540_5s.mp4,3.56,3.5
orig_7429575622_540_5s.mp4,3.37,3.21
orig_7466669252_540_5s.mp4,2.89,2.9
orig_7473524312_540_5s.mp4,3.5,3.48
orig_7494858706_540_5s.mp4,3.11,3.18
orig_7533033126_540_5s.mp4,3.55,3.55
orig_7554113776_540_5s.mp4,3.2,3.26
orig_7554115492_540_5s.mp4,2.57,2.55
orig_7554329844_540_5s.mp4,3.07,3.13
orig_7555667916_540_5s.mp4,3.55,3.55
orig_7568097618_540_5s.mp4,3.39,3.37
orig_7662126698_540_5s.mp4,3.37,3.41
orig_7667907704_540_5s.mp4,3.33,3.3
orig_7670764468_540_5s.mp4,3.73,3.7
orig_7673384746_540_5s.mp4,3.41,3.4
orig_7722452244_540_5s.mp4,2.8,2.78
orig_7755410098_540_5s.mp4,3.34,3.36
orig_7790674656_540_5s.mp4,3.58,3.55
orig_7834041286_540_5s.mp4,3.35,3.42
orig_7835818086_540_5s.mp4,3.28,3.28
orig_7836054996_540_5s.mp4,2.93,2.95
orig_7837793734_540_5s.mp4,3.41,3.38
orig_7840875280_540_5s.mp4,3.58,3.57
orig_7880308864_540_5s.mp4,3.68,3.67
orig_7883130284_540_5s.mp4,3.56,3.62
orig_7916860778_540_5s.mp4,3.49,3.5
orig_7927378298_540_5s.mp4,3.33,3.35
orig_7933465086_540_5s.mp4,3.04,2.98
orig_7938991482_540_5s.mp4,2.66,2.71
orig_7960080600_540_5s.mp4,3.44,3.49
orig_7969345552_540_5s.mp4,3.28,3.33
orig_7976870181_540_5s.mp4,3.63,3.66
orig_7978164400_540_5s.mp4,3.19,3.22
orig_7989778805_540_5s.mp4,2.59,2.63
orig_8027176220_540_5s.mp4,3.19,3.2
orig_8037398817_540_5s.mp4,3.05,2.95
orig_8038170981_540_5s.mp4,2.47,2.44
orig_8042168110_540_5s.mp4,3.21,3.21
orig_8044315111_540_5s.mp4,2.97,3.06
orig_8076405097_540_5s.mp4,3.63,3.67
orig_8084159820_540_5s.mp4,3.56,3.51
orig_8086265002_540_5s.mp4,3.46,3.45
orig_8118268142_540_5s.mp4,3.48,3.5
orig_8124849820_540_5s.mp4,3.52,3.53
orig_8179507331_540_5s.mp4,3.97,3.99
orig_8179508339_540_5s.mp4,3.59,3.64
orig_8194808807_540_5s.mp4,2.6,2.56
orig_8201235945_540_5s.mp4,3.58,3.55
orig_8222144405_540_5s.mp4,3.55,3.58
orig_8234386060_540_5s.mp4,3.08,2.92
orig_8234547946_540_5s.mp4,3.26,3.28
orig_8246229896_540_5s.mp4,3.5,3.47
orig_8249038989_540_5s.mp4,3.33,3.49
orig_8249756441_540_5s.mp4,2.71,2.68
orig_8254341500_540_5s.mp4,3.11,3.08
orig_8269970010_540_5s.mp4,3.19,3.08
orig_8308473784_540_5s.mp4,3.51,3.47
orig_8315825932_540_5s.mp4,3.23,3.16
orig_8321154602_540_5s.mp4,2.78,2.67
orig_8331817197_540_5s.mp4,3.16,3.09
orig_8335981596_540_5s.mp4,3.67,3.62
orig_8370610525_540_5s.mp4,3.5,3.57
orig_8380372888_540_5s.mp4,2.94,2.99
orig_8403125460_540_5s.mp4,3.48,3.45
orig_8409862168_540_5s.mp4,3.52,3.5
orig_8430327941_540_5s.mp4,3.21,3.16
orig_8445471022_540_5s.mp4,3.47,3.47
orig_8459529201_540_5s.mp4,3.2,3.17
orig_8460548281_540_5s.mp4,3.57,3.65
orig_8480008397_540_5s.mp4,3.58,3.57
orig_8495945775_540_5s.mp4,3.2,3.18
orig_8512538310_540_5s.mp4,3.71,3.75
orig_8566816340_540_5s.mp4,3.63,3.58
orig_8567765156_540_5s.mp4,2.99,3.0
orig_8582034978_540_5s.mp4,3.69,3.63
orig_8614084503_540_5s.mp4,2.69,2.72
orig_8660810236_540_5s.mp4,3.59,3.69
orig_8661984526_540_5s.mp4,3.44,3.42
orig_8664953139_540_5s.mp4,3.48,3.49
orig_8681696911_540_5s.mp4,3.36,3.36
orig_8685586351_540_5s.mp4,3.8,3.74
orig_8695730338_540_5s.mp4,3.37,3.46
orig_8716087070_540_5s.mp4,3.64,3.63
orig_8720879434_540_5s.mp4,3.2,3.37
orig_8739457937_540_5s.mp4,3.29,3.29
orig_8748570537_540_5s.mp4,3.93,4.03
orig_8752048684_540_5s.mp4,3.2,3.2
orig_8771045214_540_5s.mp4,3.66,3.65
orig_8774338919_540_5s.mp4,2.56,2.51
orig_8961297508_540_5s.mp4,3.18,3.37
orig_8962256820_540_5s.mp4,3.2,3.18
orig_8986586829_540_5s.mp4,3.22,3.17
orig_8998068403_540_5s.mp4,3.7,3.62
orig_9001041196_540_5s.mp4,3.64,3.64
orig_9002214517_540_5s.mp4,3.53,3.44
orig_9023345792_540_5s.mp4,2.91,2.93
orig_9064232331_540_5s.mp4,3.79,3.74
orig_9076639351_540_5s.mp4,2.92,2.97
orig_9093664537_540_5s.mp4,3.27,3.3
orig_9131100291_540_5s.mp4,2.99,2.93
orig_9150505595_540_5s.mp4,2.94,2.91
orig_9176795646_540_5s.mp4,3.74,3.78
orig_9186410302_540_5s.mp4,3.25,3.21
orig_9224978407_540_5s.mp4,3.64,3.63
orig_9225572047_540_5s.mp4,3.4,3.46
orig_9240773727_540_5s.mp4,2.66,2.61
orig_9306810220_540_5s.mp4,3.35,3.34
orig_9337910087_540_5s.mp4,3.31,3.28
orig_9384236600_540_5s.mp4,3.0,2.95
orig_9387414865_540_5s.mp4,3.62,3.65
orig_9392458360_540_5s.mp4,3.26,3.24
orig_9412083094_540_5s.mp4,3.01,2.99
orig_9424803959_540_5s.mp4,3.35,3.4
orig_9437744090_540_5s.mp4,3.01,2.94
orig_9455925442_540_5s.mp4,3.65,3.64
orig_9476147764_540_5s.mp4,2.8,2.83
orig_9491958498_540_5s.mp4,3.33,3.42
orig_9503478193_540_5s.mp4,3.28,3.3
orig_9531210107_540_5s.mp4,2.78,2.82
orig_9557441950_540_5s.mp4,3.57,3.63
orig_9561968083_540_5s.mp4,3.76,3.82
orig_9565365703_540_5s.mp4,3.4,3.34
orig_9642812293_540_5s.mp4,2.83,2.86
orig_9656189943_540_5s.mp4,3.46,3.53
orig_9680300842_540_5s.mp4,3.53,3.5
orig_9694179379_540_5s.mp4,3.55,3.52
orig_9698690381_540_5s.mp4,2.61,2.58
orig_9705745316_540_5s.mp4,3.03,3.05
orig_9719336372_540_5s.mp4,3.25,3.26
orig_9732387468_540_5s.mp4,3.11,3.1
orig_9735533222_540_5s.mp4,3.15,3.09
orig_9738027319_540_5s.mp4,2.65,2.66
orig_9812080734_540_5s.mp4,3.22,3.29
orig_9812541556_540_5s.mp4,3.6,3.59
orig_9839687555_540_5s.mp4,2.85,2.94
orig_9868456496_540_5s.mp4,3.14,3.12
orig_9901205536_540_5s.mp4,3.66,3.63
orig_9964409335_540_5s.mp4,3.14,3.14
